{"stats":{"minecraft:picked_up":{"minecraft:wooden_axe":1,"minecraft:birch_log":13,"minecraft:iron_chestplate":1,"minecraft:feather":1,"minecraft:cooked_beef":64,"artifacts:eternal_steak":1,"minecraft:leather":2,"minecraft:potato":1,"minecraft:oak_log":40,"minecraft:gunpowder":2,"minecraft:blue_bed":1,"paraglider:goddess_statue":1,"minecraft:dirt":111,"minecraft:string":1,"artifacts:power_glove":1,"minecraft:bone":3,"minecraft:bow":2,"minecraft:wheat_seeds":8,"minecraft:beef":11,"minecraft:iron_ore":22,"tombstone:bag_of_seeds":1,"minecraft:iron_pickaxe":1,"minecraft:poppy":12,"minecraft:sugar_cane":14,"minecraft:birch_sapling":3,"minecraft:oak_planks":2,"spartanweaponry:halberd_iron":1,"minecraft:tipped_arrow":1,"minecraft:stick":21,"minecraft:torch":7,"minecraft:dandelion":16,"tombstone:grave_dust":9,"minecraft:diorite":3,"minecraft:arrow":3,"alexsmobs:kangaroo_hide":1,"minecraft:cactus":6,"minecraft:rotten_flesh":14,"minecraft:granite":1,"minecraft:bread":51,"minecraft:oak_sapling":40,"minecraft:coal":33,"alexsmobs:kangaroo_meat":1,"minecraft:cobblestone":173},"minecraft:mined":{"minecraft:dandelion":16,"minecraft:torch":5,"minecraft:grass_block":104,"minecraft:poppy":11,"minecraft:tall_grass":4,"minecraft:oak_planks":2,"minecraft:sugar_cane":9,"minecraft:diorite":3,"minecraft:cactus":8,"minecraft:birch_log":5,"minecraft:iron_ore":23,"minecraft:birch_leaves":158,"minecraft:grass":58,"minecraft:coal_ore":34,"minecraft:oak_log":18,"minecraft:dirt":16,"minecraft:stone":172,"minecraft:oak_leaves":421,"paraglider:goddess_statue":1},"minecraft:killed_by":{"artifacts:mimic":1,"minecraft:pillager":1},"minecraft:used":{"minecraft:iron_shovel":122,"minecraft:oak_planks":29,"minecraft:chest":1,"minecraft:shield":14,"minecraft:wooden_pickaxe":2,"artifacts:eternal_steak":1,"minecraft:iron_sword":210,"minecraft:torch":90,"minecraft:dirt":1100,"minecraft:crafting_table":3,"minecraft:granite":1,"minecraft:oak_log":10,"minecraft:iron_hoe":568,"minecraft:wooden_axe":27,"minecraft:iron_axe":50,"minecraft:iron_pickaxe":240,"tombstone:grave_key":1,"minecraft:wooden_sword":6,"minecraft:cobblestone":27,"minecraft:bow":1,"minecraft:cooked_beef":12},"minecraft:dropped":{"minecraft:wheat_seeds":8,"minecraft:birch_sapling":3,"minecraft:rotten_flesh":4,"alexsmobs:kangaroo_hide":1,"minecraft:poppy":12,"minecraft:dirt":1,"minecraft:wooden_axe":2,"minecraft:oak_sapling":40,"artifacts:eternal_steak":1,"tombstone:grave_dust":8,"minecraft:wooden_pickaxe":2,"minecraft:dandelion":16},"minecraft:custom":{"minecraft:interact_with_furnace":9,"minecraft:mob_kills":42,"minecraft:interact_with_crafting_table":16,"minecraft:play_one_minute":112485,"minecraft:interact_with_grindstone":1,"minecraft:leave_game":1,"minecraft:sleep_in_bed":1,"minecraft:time_since_death":8341,"minecraft:time_since_rest":2974,"minecraft:sprint_one_cm":227388,"minecraft:damage_taken":1587,"minecraft:walk_one_cm":479528,"minecraft:damage_blocked_by_shield":550,"minecraft:drop":16,"minecraft:damage_dealt":7512,"minecraft:fly_one_cm":63790,"minecraft:open_chest":17,"minecraft:crouch_one_cm":242,"tombstone:undead_killed":24,"minecraft:deaths":2,"minecraft:sneak_time":137,"minecraft:walk_under_water_one_cm":7840,"minecraft:jump":1333,"minecraft:walk_on_water_one_cm":25787,"minecraft:fall_one_cm":15882},"minecraft:crafted":{"minecraft:cooked_beef":11,"minecraft:wooden_sword":1,"minecraft:oak_planks":120,"minecraft:crafting_table":3,"minecraft:wooden_pickaxe":2,"minecraft:iron_helmet":1,"minecraft:iron_sword":1,"minecraft:iron_chestplate":1,"minecraft:iron_boots":1,"minecraft:shield":1,"minecraft:iron_axe":1,"minecraft:iron_hoe":3,"minecraft:stick":68,"minecraft:iron_pickaxe":3,"minecraft:wooden_axe":1,"minecraft:chest":1,"minecraft:iron_shovel":2,"minecraft:iron_leggings":1,"minecraft:torch":132},"minecraft:broken":{"minecraft:iron_hoe":2},"minecraft:killed":{"alexsmobs:raccoon":2,"minecraft:spider":3,"minecraft:skeleton":3,"minecraft:zombie":21,"dungeonsmod:crow":1,"alexsmobs:kangaroo":1,"artifacts:mimic":1,"minecraft:cow":4}},"DataVersion":2586}