{"stats":{"minecraft:picked_up":{"treasure2:gold_key":1,"minecraft:iron_chestplate":3,"minecraft:crafting_table":1,"minecraft:wheat":47,"minecraft:chainmail_boots":1,"minecraft:leather_leggings":1,"treasure2:iron_lock":1,"minecraft:lead":2,"atum:flax_seeds":4,"minecraft:brick":5,"minecraft:shield":1,"minecraft:cornflower":8,"minecraft:string":15,"minecraft:red_bed":2,"minecraft:wooden_sword":1,"minecraft:red_nether_bricks":2,"minecraft:cracked_stone_bricks":5,"minecraft:beef":2,"minecraft:cyan_wool":7,"minecraft:smooth_quartz":13,"minecraft:iron_pickaxe":1,"minecraft:spruce_slab":5,"minecraft:coal_block":2,"minecraft:iron_boots":1,"minecraft:golden_helmet":1,"minecraft:tipped_arrow":4,"artifacts:universal_attractor":1,"minecraft:sandstone":36,"treasure2:pilferers_lock_pick":1,"minecraft:torch":18,"minecraft:fire_charge":2,"minecraft:cookie":2,"tombstone:grave_dust":13,"minecraft:diorite":8,"minecraft:redstone":1,"minecraft:stone_pressure_plate":2,"minecraft:tnt":9,"minecraft:arrow":71,"artifacts:lucky_scarf":1,"minecraft:rotten_flesh":48,"minecraft:diamond_chestplate":1,"minecraft:nether_bricks":70,"minecraft:hay_block":21,"minecraft:gold_ingot":1,"tombstone:essence_of_undeath":1,"minecraft:leather_horse_armor":1,"minecraft:emerald_ore":8,"minecraft:mutton":4,"minecraft:iron_bars":20,"minecraft:white_wool":2,"minecraft:cobblestone":179,"minecraft:oxeye_daisy":36,"minecraft:stripped_oak_log":2,"minecraft:cooked_beef":6,"minecraft:andesite":52,"minecraft:cut_sandstone":12,"minecraft:chiseled_quartz_block":8,"minecraft:red_mushroom":1,"paraglider:spirit_orb":35,"minecraft:smooth_sandstone_stairs":3,"minecraft:oak_log":239,"spartanshields:shield_tower_diamond":2,"minecraft:gunpowder":3,"minecraft:gray_concrete":3,"minecraft:lapis_lazuli":68,"minecraft:dirt":225,"tombstone:gift":1,"minecraft:polished_granite":2,"minecraft:orange_terracotta":2,"minecraft:leather_boots":2,"minecraft:smooth_sandstone":2,"minecraft:bone":92,"minecraft:apple":1,"minecraft:stone_bricks":14,"minecraft:bow":1,"minecraft:wheat_seeds":149,"minecraft:iron_ore":126,"minecraft:stone_pickaxe":4,"minecraft:cobweb":3,"tombstone:bag_of_seeds":2,"minecraft:mossy_stone_bricks":32,"minecraft:glass_bottle":4,"minecraft:iron_sword":3,"minecraft:oak_planks":76,"minecraft:soul_sand":1,"minecraft:chiseled_stone_bricks":3,"minecraft:gravel":1,"minecraft:sand":36,"minecraft:leather_helmet":1,"minecraft:nether_brick_stairs":1,"treasure2:leaf_key":3,"minecraft:gold_ore":5,"minecraft:chiseled_sandstone":3,"minecraft:spider_eye":7,"alexsmobs:animal_dictionary":1,"minecraft:mossy_cobblestone":7,"minecraft:light_gray_concrete":15,"minecraft:blue_terracotta":1,"minecraft:diamond":27,"treasure2:silver_coin":1,"minecraft:stone_axe":2,"minecraft:iron_helmet":2,"minecraft:granite":1,"minecraft:golden_apple":3,"minecraft:mossy_cobblestone_stairs":1,"minecraft:emerald":3,"minecraft:bread":8,"minecraft:oak_button":1,"tombstone:magic_scroll":4,"minecraft:netherrack":12,"minecraft:melon_seeds":1,"minecraft:coal":31,"minecraft:ender_pearl":1},"minecraft:mined":{"minecraft:diamond_ore":6,"minecraft:mossy_cobblestone":2,"minecraft:nether_bricks":2,"minecraft:granite":1,"minecraft:stone_brick_wall":2,"minecraft:grass_block":140,"minecraft:redstone_wire":1,"minecraft:coal_block":1,"minecraft:oxeye_daisy":1,"minecraft:sandstone":10,"minecraft:spawner":14,"minecraft:hay_block":20,"minecraft:iron_ore":17,"minecraft:andesite":17,"minecraft:vine":1,"minecraft:iron_bars":2,"minecraft:light_gray_concrete":15,"minecraft:stripped_oak_log":2,"minecraft:stone":88,"minecraft:spruce_slab":2,"minecraft:tripwire":2,"minecraft:cut_sandstone":9,"minecraft:gray_concrete":3,"minecraft:red_bed":2,"minecraft:melon_stem":1,"minecraft:orange_terracotta":1,"minecraft:chiseled_quartz_block":5,"minecraft:cornflower":9,"minecraft:torch":7,"minecraft:emerald_ore":8,"minecraft:tall_grass":19,"minecraft:cobblestone":3,"minecraft:lapis_ore":3,"minecraft:oak_planks":26,"minecraft:wall_torch":4,"minecraft:diorite":10,"minecraft:cyan_wool":7,"minecraft:blue_terracotta":1,"minecraft:stone_brick_stairs":1,"minecraft:wheat":51,"minecraft:tnt":9,"minecraft:smooth_stone_slab":1,"minecraft:grass":71,"minecraft:coal_ore":31,"minecraft:oak_log":133,"minecraft:smooth_quartz":17,"minecraft:sand":24,"minecraft:dirt":30,"minecraft:cracked_stone_bricks":3,"minecraft:stone_bricks":3,"minecraft:mossy_stone_bricks":6,"minecraft:gold_ore":4,"minecraft:oak_leaves":3},"minecraft:killed_by":{"minecraft:husk":1,"minecraft:player":2,"minecraft:stray":1,"minecraft:creeper":2,"minecraft:skeleton":3,"artifacts:mimic":1,"minecraft:zombie":11,"alexsmobs:tarantula_hawk":1},"minecraft:custom":{"minecraft:interact_with_anvil":20,"minecraft:mob_kills":133,"minecraft:interact_with_crafting_table":40,"minecraft:open_barrel":7,"goblintraders:trade_with_goblin":7,"minecraft:bell_ring":19,"minecraft:damage_dealt_resisted":191,"minecraft:leave_game":10,"minecraft:time_since_death":41937,"minecraft:climb_one_cm":11629,"minecraft:sprint_one_cm":807193,"minecraft:walk_one_cm":1071097,"minecraft:damage_blocked_by_shield":1360,"minecraft:drop":111,"minecraft:talked_to_villager":15,"minecraft:sneak_time":1212,"minecraft:deaths":24,"minecraft:walk_under_water_one_cm":24415,"minecraft:interact_with_brewingstand":1,"minecraft:jump":3899,"minecraft:walk_on_water_one_cm":82316,"minecraft:interact_with_furnace":23,"minecraft:interact_with_cartography_table":1,"minecraft:play_one_minute":451464,"minecraft:sleep_in_bed":10,"minecraft:time_since_rest":6060,"minecraft:waystone_activated":2,"minecraft:damage_taken":12231,"minecraft:damage_absorbed":118,"minecraft:damage_dealt":21510,"minecraft:swim_one_cm":57506,"minecraft:fly_one_cm":763127,"minecraft:open_chest":264,"minecraft:crouch_one_cm":1538,"tombstone:undead_killed":99,"minecraft:fall_one_cm":108326},"minecraft:used":{"minecraft:blue_terracotta":1,"minecraft:stone_sword":59,"minecraft:iron_shovel":153,"minecraft:flint_and_steel":1,"minecraft:chest":7,"spartanshields:shield_tower_stone":14,"minecraft:iron_sword":594,"minecraft:smooth_sandstone_stairs":2,"spartanweaponry:battleaxe_iron":20,"minecraft:oak_door":1,"minecraft:torch":141,"minecraft:dirt":156,"minecraft:nether_brick_stairs":1,"minecraft:wooden_axe":14,"minecraft:bow":77,"tombstone:gift":9,"minecraft:cooked_beef":6,"minecraft:wheat_seeds":39,"minecraft:water_bucket":29,"minecraft:stone_pickaxe":141,"minecraft:oak_planks":86,"minecraft:wooden_pickaxe":28,"minecraft:sandstone":19,"minecraft:cut_sandstone":23,"minecraft:golden_apple":2,"minecraft:sand":21,"minecraft:tnt":3,"minecraft:crafting_table":6,"minecraft:red_bed":2,"tombstone:bag_of_seeds":2,"minecraft:flower_pot":1,"minecraft:diamond_pickaxe":30,"minecraft:light_gray_concrete":1,"minecraft:bread":95,"minecraft:iron_pickaxe":101,"minecraft:chiseled_stone_bricks":1,"tombstone:magic_scroll":2,"travelersbackpack:standard":4,"spartanweaponry:halberd_iron":39,"tombstone:grave_key":1,"spartanshields:shield_tower_diamond":14,"minecraft:cobblestone":114,"minecraft:stone_axe":184,"minecraft:wooden_sword":2,"minecraft:bucket":30,"alexsmobs:animal_dictionary":2,"minecraft:experience_bottle":4},"minecraft:dropped":{"minecraft:bread":14,"minecraft:iron_sword":3,"minecraft:wheat_seeds":2,"spartanshields:shield_tower_diamond":3,"minecraft:mossy_cobblestone":1,"minecraft:sandstone_stairs":2,"minecraft:cookie":2,"minecraft:iron_helmet":4,"treasure2:leaf_key":2,"minecraft:granite":1,"minecraft:chainmail_helmet":1,"minecraft:coal_block":2,"minecraft:cobweb":3,"minecraft:gray_concrete":3,"tombstone:bag_of_seeds":1,"minecraft:diorite":8,"minecraft:torch":8,"minecraft:mutton":4,"minecraft:smooth_quartz":12,"minecraft:wooden_sword":1,"minecraft:sand":1,"minecraft:mossy_cobblestone_stairs":1,"minecraft:string":2,"minecraft:bone":21,"minecraft:gravel":1,"alexsmobs:animal_dictionary":1,"minecraft:chiseled_quartz_block":4,"minecraft:rotten_flesh":9,"minecraft:oak_planks":1,"minecraft:light_gray_concrete":1,"minecraft:nether_bricks":51,"treasure2:silver_coin":1,"minecraft:filled_map":1,"minecraft:oak_button":1,"minecraft:stone_bricks":9,"minecraft:orange_terracotta":1,"minecraft:iron_chestplate":3,"minecraft:andesite":52,"minecraft:mossy_stone_bricks":18,"minecraft:stone_pressure_plate":1,"minecraft:spider_eye":5,"minecraft:spruce_slab":3,"minecraft:red_nether_bricks":2,"minecraft:sandstone":3,"minecraft:iron_bars":11,"atum:flax_seeds":2,"minecraft:stone_pickaxe":2,"minecraft:polished_granite":2},"minecraft:crafted":{"minecraft:wooden_sword":1,"minecraft:oak_door":3,"minecraft:oak_planks":216,"minecraft:flint_and_steel":1,"minecraft:bow":1,"spartanshields:shield_tower_stone":1,"tombstone:grave_key":1,"minecraft:stone_pickaxe":2,"minecraft:chest":7,"minecraft:oak_button":1,"spartanshields:shield_tower_wood":4,"minecraft:wheat":189,"minecraft:cooked_beef":2,"minecraft:crafting_table":5,"minecraft:wooden_pickaxe":1,"minecraft:iron_helmet":1,"minecraft:iron_sword":2,"minecraft:bucket":1,"minecraft:stone_axe":1,"minecraft:air":0,"minecraft:bread":78,"minecraft:iron_chestplate":1,"minecraft:stick":92,"minecraft:iron_pickaxe":1,"minecraft:iron_ingot":129,"minecraft:wooden_axe":1,"minecraft:stone_sword":1,"spartanshields:shield_tower_diamond":3,"minecraft:torch":132,"minecraft:diamond_chestplate":1},"minecraft:broken":{"minecraft:leather_chestplate":1,"minecraft:chainmail_boots":1,"minecraft:leather_boots":1},"minecraft:killed":{"alexsmobs:tarantula_hawk":1,"minecraft:spider":9,"dungeonsmod:anthermite":1,"alexsmobs:rattlesnake":1,"minecraft:skeleton":59,"minecraft:drowned":1,"alexsmobs:centipede_head":1,"treasure2:bound_soul":1,"minecraft:husk":1,"minecraft:creeper":3,"minecraft:sheep":2,"minecraft:zombie":35,"minecraft:stray":3,"minecraft:cow":1}},"DataVersion":2586}