{"stats":{"minecraft:picked_up":{"minecraft:wooden_axe":1,"minecraft:crafting_table":4,"minecraft:iron_chestplate":1,"minecraft:wheat":21,"minecraft:flower_pot":3,"treasure2:viking_chest":1,"aquaculture:catfish":2,"minecraft:brown_mushroom":3,"treasure2:topaz":1,"minecraft:enchanted_book":2,"minecraft:brewing_stand":1,"minecraft:golden_sword":1,"minecraft:iron_axe":1,"artifacts:power_glove":2,"minecraft:string":3,"minecraft:red_bed":1,"minecraft:iron_leggings":1,"aquaculture:bluegill":1,"minecraft:gold_nugget":6,"treasure2:ruby":2,"oresabovediamonds:amethyst":8,"minecraft:smooth_quartz":14,"alexsmobs:raccoon_tail":1,"minecraft:furnace":8,"minecraft:tipped_arrow":4,"minecraft:sandstone":21,"minecraft:torch":66,"minecraft:fire_charge":10,"minecraft:porkchop":7,"tombstone:grave_dust":8,"minecraft:diorite":15,"minecraft:carrot":1,"minecraft:redstone":20,"alexsmobs:centipede_leg":2,"minecraft:orange_bed":1,"minecraft:diamond_chestplate":1,"minecraft:stone_sword":1,"minecraft:arrow":33,"minecraft:rotten_flesh":32,"minecraft:beetroot_seeds":6,"minecraft:nether_bricks":20,"minecraft:diamond_boots":1,"minecraft:hay_block":87,"minecraft:obsidian":1,"minecraft:mutton":14,"minecraft:iron_bars":10,"minecraft:white_wool":6,"minecraft:cobblestone":869,"minecraft:birch_log":3,"artifacts:digging_claws":2,"minecraft:andesite":43,"minecraft:brown_wool":1,"minecraft:cut_sandstone":4,"minecraft:leather":3,"alexsmobs:bear_fur":1,"paraglider:spirit_orb":28,"spartanshields:shield_tower_diamond":2,"minecraft:oak_log":74,"minecraft:chainmail_chestplate":1,"minecraft:gunpowder":5,"minecraft:lapis_lazuli":96,"minecraft:dirt":832,"tombstone:gift":2,"minecraft:leather_boots":3,"minecraft:cooked_mutton":5,"minecraft:bone":38,"minecraft:chipped_anvil":1,"minecraft:apple":2,"minecraft:stone_bricks":3,"minecraft:bow":1,"minecraft:wheat_seeds":30,"minecraft:mossy_stone_bricks":7,"minecraft:iron_ingot":22,"minecraft:iron_ore":478,"tombstone:bag_of_seeds":1,"aquaculture:minnow":7,"minecraft:oak_planks":2,"minecraft:iron_sword":1,"minecraft:acacia_sapling":4,"aquaculture:smallmouth_bass":1,"minecraft:pumpkin":1,"minecraft:gravel":1,"treasure2:leaf_key":1,"minecraft:gold_ore":18,"minecraft:diamond":86,"minecraft:iron_helmet":1,"minecraft:granite":22,"minecraft:gray_wool":3,"gaiadimension:corrupted_gaia_eye":1,"minecraft:bread":27,"tombstone:magic_scroll":3,"minecraft:oak_sapling":5,"minecraft:coal":524,"minecraft:ender_pearl":1},"minecraft:mined":{"minecraft:diamond_ore":88,"minecraft:mossy_cobblestone":7,"minecraft:brewing_stand":1,"minecraft:obsidian":1,"minecraft:nether_bricks":1,"minecraft:granite":26,"minecraft:grass_block":731,"minecraft:sandstone":16,"minecraft:chiseled_stone_bricks":1,"minecraft:spawner":15,"minecraft:hay_block":85,"minecraft:redstone_ore":7,"minecraft:furnace":8,"minecraft:mossy_cobblestone_stairs":1,"minecraft:iron_ore":523,"minecraft:fire":13,"minecraft:chiseled_sandstone":2,"minecraft:andesite":55,"minecraft:pumpkin":1,"minecraft:vine":8,"minecraft:iron_bars":8,"gaiadimension:potted_corrupted_gaia_eye":1,"minecraft:stone":769,"minecraft:orange_bed":1,"minecraft:sandstone_slab":1,"minecraft:quartz_block":1,"minecraft:red_bed":1,"minecraft:soul_fire":1,"minecraft:polished_granite":2,"minecraft:smooth_sandstone":1,"minecraft:crafting_table":4,"minecraft:torch":1,"minecraft:emerald_ore":3,"minecraft:dead_bush":1,"oresabovediamonds:amethyst_ore":14,"minecraft:tall_grass":16,"minecraft:cobblestone":16,"treasure2:viking_chest":1,"minecraft:lapis_ore":28,"minecraft:oak_planks":3,"minecraft:wall_torch":1,"minecraft:diorite":29,"minecraft:seagrass":1,"treasure2:ruby_ore":2,"treasure2:topaz_ore":1,"minecraft:birch_log":5,"minecraft:wheat":2,"minecraft:stone_brick_stairs":1,"minecraft:grass":70,"minecraft:oak_log":78,"minecraft:coal_ore":337,"minecraft:sand":3,"minecraft:gravel":7,"minecraft:flower_pot":1,"minecraft:dirt":81,"minecraft:cracked_stone_bricks":7,"minecraft:stone_bricks":14,"minecraft:mossy_stone_bricks":22,"minecraft:gold_ore":22,"minecraft:chipped_anvil":1,"minecraft:oak_leaves":15},"minecraft:killed_by":{"lava_monster:lava_monster":1},"minecraft:used":{"treasure2:viking_chest":1,"minecraft:iron_bars":8,"minecraft:stone_sword":19,"minecraft:iron_shovel":818,"minecraft:shield":62,"minecraft:iron_sword":202,"minecraft:torch":171,"minecraft:dirt":1,"endrem:old_eye":1,"minecraft:wooden_axe":6,"minecraft:chipped_anvil":1,"minecraft:stone_bricks":3,"minecraft:furnace":13,"tombstone:gift":4,"minecraft:cooked_beef":12,"minecraft:cooked_mutton":18,"minecraft:mossy_stone_bricks":2,"minecraft:water_bucket":87,"minecraft:diorite":5,"minecraft:oak_planks":58,"minecraft:stone_pickaxe":316,"minecraft:wooden_pickaxe":18,"minecraft:golden_apple":5,"minecraft:crafting_table":12,"minecraft:red_bed":1,"tombstone:bag_of_seeds":2,"endrem:rogue_eye":1,"minecraft:diamond_pickaxe":407,"minecraft:apple":2,"minecraft:bread":119,"minecraft:iron_pickaxe":1344,"spartanshields:shield_tower_diamond":18,"minecraft:stone_axe":96,"minecraft:diamond_sword":471,"minecraft:potion":1,"minecraft:cobblestone":240,"minecraft:cooked_porkchop":3,"minecraft:andesite":6,"minecraft:bucket":88,"alexsmobs:animal_dictionary":1},"minecraft:dropped":{"minecraft:enchanted_book":1,"minecraft:bread":47,"minecraft:iron_sword":2,"minecraft:wheat_seeds":22,"minecraft:diamond":81,"aquaculture:smallmouth_bass":1,"minecraft:cooked_porkchop":4,"minecraft:lead":1,"minecraft:iron_helmet":3,"minecraft:cobblestone":296,"aquaculture:minnow":7,"minecraft:coal":16,"minecraft:golden_apple":4,"minecraft:stick":10,"minecraft:dirt":805,"minecraft:diorite":10,"minecraft:smooth_quartz":7,"minecraft:cut_sandstone":4,"minecraft:potion":1,"minecraft:iron_leggings":3,"minecraft:pumpkin":1,"minecraft:iron_axe":1,"minecraft:iron_pickaxe":4,"minecraft:string":1,"artifacts:digging_claws":1,"minecraft:bone":16,"minecraft:stone_axe":1,"artifacts:power_glove":1,"alexsmobs:animal_dictionary":1,"minecraft:stone_sword":2,"minecraft:wheat":17,"minecraft:obsidian":1,"minecraft:rotten_flesh":8,"minecraft:iron_boots":2,"minecraft:nether_bricks":20,"minecraft:carrot":1,"minecraft:chainmail_chestplate":1,"treasure2:silver_coin":4,"minecraft:filled_map":1,"minecraft:flower_pot":2,"minecraft:gunpowder":5,"aquaculture:bluegill":1,"minecraft:iron_chestplate":3,"minecraft:andesite":35,"gaiadimension:corrupted_gaia_eye":1,"minecraft:mossy_stone_bricks":5,"minecraft:leather_boots":3,"aquaculture:catfish":2,"minecraft:iron_ore":98,"minecraft:bow":1,"minecraft:arrow":2,"treasure2:ruby":1,"minecraft:red_tulip":1},"minecraft:custom":{"minecraft:interact_with_smithing_table":2,"minecraft:interact_with_anvil":3,"minecraft:mob_kills":179,"minecraft:interact_with_crafting_table":45,"minecraft:open_barrel":6,"goblintraders:trade_with_goblin":123,"minecraft:bell_ring":1,"minecraft:leave_game":6,"minecraft:time_since_death":174713,"minecraft:climb_one_cm":5048,"minecraft:sprint_one_cm":713085,"minecraft:walk_one_cm":614929,"minecraft:damage_blocked_by_shield":3840,"minecraft:drop":912,"minecraft:talked_to_villager":1,"minecraft:deaths":1,"minecraft:sneak_time":11845,"minecraft:walk_under_water_one_cm":42060,"minecraft:interact_with_brewingstand":1,"minecraft:jump":4675,"minecraft:walk_on_water_one_cm":152947,"minecraft:interact_with_furnace":72,"tombstone:raider_killed":1,"minecraft:interact_with_cartography_table":3,"minecraft:play_one_minute":315388,"minecraft:interact_with_stonecutter":2,"minecraft:sleep_in_bed":1,"minecraft:waystone_activated":3,"minecraft:time_since_rest":174332,"minecraft:damage_taken":8397,"minecraft:damage_absorbed":158,"minecraft:damage_dealt":31665,"minecraft:player_kills":2,"minecraft:swim_one_cm":81750,"minecraft:fly_one_cm":955116,"minecraft:crouch_one_cm":31070,"minecraft:open_chest":149,"tombstone:undead_killed":110,"minecraft:interact_with_smoker":1,"minecraft:fall_one_cm":93277},"minecraft:crafted":{"minecraft:oak_planks":504,"minecraft:coal":6,"minecraft:furnace":7,"minecraft:diamond_shovel":1,"minecraft:cooked_mutton":13,"minecraft:iron_boots":4,"minecraft:iron_axe":3,"minecraft:stone_pickaxe":3,"minecraft:wheat":743,"minecraft:cooked_beef":8,"minecraft:diamond_sword":2,"minecraft:cooked_porkchop":7,"minecraft:diamond_axe":1,"minecraft:crafting_table":8,"minecraft:wooden_pickaxe":1,"minecraft:iron_helmet":4,"minecraft:iron_sword":6,"minecraft:bucket":1,"minecraft:stone_axe":1,"minecraft:bread":249,"minecraft:air":0,"minecraft:iron_chestplate":4,"minecraft:diamond_pickaxe":4,"minecraft:stick":212,"minecraft:iron_ingot":390,"minecraft:iron_pickaxe":11,"minecraft:wooden_axe":1,"minecraft:stone_sword":1,"minecraft:iron_shovel":9,"minecraft:iron_leggings":4,"minecraft:gold_ingot":24,"minecraft:torch":108},"minecraft:broken":{"minecraft:iron_shovel":3,"minecraft:iron_boots":1,"minecraft:stone_pickaxe":2,"minecraft:shield":1,"minecraft:iron_pickaxe":3,"minecraft:iron_helmet":1},"minecraft:killed":{"minecraft:cave_spider":1,"aquaculture:bluegill":1,"alexsmobs:raccoon":2,"minecraft:spider":11,"aquaculture:smallmouth_bass":1,"alexsmobs:tasmanian_devil":2,"alexsmobs:rattlesnake":1,"minecraft:phantom":1,"aquaculture:catfish":1,"minecraft:skeleton":27,"minecraft:silverfish":4,"alexsmobs:centipede_head":1,"artifacts:mimic":2,"minecraft:husk":1,"alexsmobs:guster":1,"minecraft:pig":4,"alexsmobs:grizzly_bear":1,"lava_monster:lava_monster":10,"minecraft:creeper":2,"minecraft:sheep":9,"aquaculture:minnow":5,"minecraft:zombie":63,"minecraft:stray":18,"alexsmobs:roadrunner":2,"minecraft:enderman":1}},"DataVersion":2586}