{"stats":{"minecraft:picked_up":{"minecraft:wooden_axe":1,"minecraft:iron_chestplate":1,"minecraft:crafting_table":1,"minecraft:wheat":75,"minecraft:azure_bluet":3,"minecraft:chicken":1,"treasure2:viking_chest":1,"minecraft:brown_mushroom":3,"minecraft:lead":1,"minecraft:diamond_sword":1,"minecraft:potion":1,"minecraft:enchanted_book":10,"tombstone:scroll_of_preservation":1,"minecraft:brick":10,"minecraft:shield":1,"minecraft:golden_sword":1,"minecraft:lapis_block":2,"minecraft:cornflower":8,"minecraft:music_disc_cat":1,"minecraft:string":18,"minecraft:red_bed":2,"alexsmobs:ancient_dart":1,"minecraft:iron_axe":1,"minecraft:red_nether_bricks":1,"minecraft:iron_leggings":3,"minecraft:iron_shovel":4,"minecraft:cracked_stone_bricks":2,"aquaculture:bluegill":6,"minecraft:gold_nugget":6,"treasure2:ruby":1,"minecraft:beef":10,"oresabovediamonds:amethyst":6,"minecraft:iron_pickaxe":5,"alexsmobs:raccoon_tail":1,"minecraft:coal_block":1,"minecraft:sugar_cane":22,"minecraft:chest":6,"minecraft:iron_boots":1,"minecraft:furnace":2,"artifacts:universal_attractor":1,"minecraft:tipped_arrow":7,"minecraft:stick":75,"dragonmounts:aether_dragon_egg":1,"minecraft:sandstone":19,"minecraft:oak_door":6,"treasure2:pilferers_lock_pick":3,"minecraft:torch":38,"minecraft:acacia_log":15,"aquaculture:perch":5,"minecraft:golden_axe":1,"tombstone:grave_dust":12,"alexsmobs:crocodile_scute":4,"minecraft:orange_bed":3,"artifacts:lucky_scarf":1,"minecraft:stone_sword":3,"minecraft:arrow":17,"minecraft:rotten_flesh":56,"minecraft:nether_bricks":22,"aquaculture:brown_trout":1,"minecraft:hay_block":28,"minecraft:gold_ingot":4,"minecraft:leather_horse_armor":3,"treasure2:castle_ring":1,"minecraft:iron_bars":8,"minecraft:white_wool":7,"minecraft:cobblestone":136,"minecraft:oxeye_daisy":40,"minecraft:stripped_oak_log":4,"minecraft:leather_chestplate":1,"minecraft:clock":1,"minecraft:feather":1,"artifacts:digging_claws":1,"minecraft:andesite":1,"minecraft:cut_sandstone":22,"minecraft:leather":3,"paraglider:spirit_orb":32,"minecraft:flint":4,"spartanshields:shield_tower_diamond":1,"minecraft:smooth_sandstone_stairs":1,"minecraft:oak_log":341,"minecraft:chainmail_chestplate":1,"minecraft:gunpowder":5,"minecraft:lapis_lazuli":89,"minecraft:dirt":693,"tombstone:gift":1,"minecraft:polished_granite":1,"minecraft:name_tag":1,"minecraft:leather_boots":2,"minecraft:glass":12,"minecraft:bone":59,"tombstone:bag_of_seeds":1,"minecraft:stone_bricks":34,"dragonmounts:forest_dragon_egg":1,"minecraft:stonecutter":2,"minecraft:bow":2,"minecraft:wheat_seeds":66,"minecraft:stone_pickaxe":1,"minecraft:iron_ore":63,"minecraft:mossy_stone_bricks":4,"aquaculture:minnow":11,"minecraft:iron_sword":8,"minecraft:oak_planks":24,"minecraft:acacia_sapling":4,"aquaculture:smallmouth_bass":2,"minecraft:dandelion":1,"minecraft:gravel":2,"treasure2:wood_key":2,"minecraft:sand":64,"minecraft:nether_brick_stairs":4,"minecraft:dead_bush":2,"treasure2:leaf_key":1,"minecraft:chiseled_sandstone":3,"minecraft:spider_eye":2,"minecraft:mossy_cobblestone":1,"tombstone:scroll_of_mercy":1,"travelersbackpack:white_sleeping_bag":1,"minecraft:diamond":66,"treasure2:silver_coin":3,"minecraft:stone_axe":3,"minecraft:golden_apple":1,"minecraft:iron_helmet":1,"minecraft:granite":3,"minecraft:crossbow":1,"treasure2:sapphire":1,"minecraft:bone_meal":2,"minecraft:gray_wool":2,"minecraft:emerald":11,"minecraft:bread":73,"tombstone:magic_scroll":2,"minecraft:oak_sapling":28,"minecraft:coal":308,"minecraft:ender_pearl":1},"minecraft:mined":{"minecraft:oak_door":4,"minecraft:red_nether_bricks":1,"minecraft:nether_bricks":6,"minecraft:granite":8,"minecraft:acacia_log":3,"minecraft:grass_block":465,"minecraft:coal_block":2,"travelersbackpack:white_sleeping_bag":1,"minecraft:sandstone":10,"minecraft:oxeye_daisy":1,"minecraft:spawner":17,"minecraft:hay_block":28,"minecraft:tall_seagrass":1,"minecraft:furnace":2,"minecraft:iron_ore":63,"minecraft:fire":3,"minecraft:chiseled_sandstone":2,"minecraft:andesite":2,"minecraft:nether_brick_stairs":1,"minecraft:vine":1,"minecraft:iron_bars":8,"minecraft:stripped_oak_log":4,"minecraft:smooth_sandstone_stairs":3,"minecraft:stone":242,"minecraft:orange_bed":3,"minecraft:cut_sandstone":3,"minecraft:glass_pane":3,"minecraft:red_bed":2,"minecraft:dandelion":1,"minecraft:polished_granite":2,"minecraft:crafting_table":1,"minecraft:torch":21,"minecraft:chest":5,"minecraft:tall_grass":13,"minecraft:cobblestone":3,"treasure2:viking_chest":1,"minecraft:lapis_ore":2,"minecraft:oak_planks":23,"minecraft:sugar_cane":9,"minecraft:wall_torch":6,"minecraft:diorite":4,"minecraft:seagrass":1,"minecraft:nether_wart_block":1,"minecraft:lapis_block":2,"minecraft:grass":47,"treasure2:sapphire_ore":1,"minecraft:coal_ore":117,"minecraft:oak_log":95,"minecraft:sand":70,"minecraft:gravel":1,"minecraft:dirt":128,"minecraft:cracked_stone_bricks":1,"minecraft:stone_bricks":34,"minecraft:stonecutter":2,"minecraft:mossy_stone_bricks":3,"minecraft:oak_leaves":146},"minecraft:killed_by":{"minecraft:stray":2,"alexsmobs:crocodile":1,"minecraft:witch":1,"minecraft:zombie":3},"minecraft:custom":{"minecraft:interact_with_anvil":1,"minecraft:mob_kills":103,"minecraft:open_barrel":3,"minecraft:interact_with_crafting_table":31,"minecraft:leave_game":5,"minecraft:time_since_death":33017,"minecraft:climb_one_cm":4219,"minecraft:sprint_one_cm":1137073,"minecraft:walk_one_cm":1190222,"minecraft:damage_blocked_by_shield":2141,"minecraft:drop":71,"minecraft:damage_dealt_absorbed":40,"minecraft:talked_to_villager":1,"minecraft:deaths":7,"minecraft:sneak_time":4433,"minecraft:walk_under_water_one_cm":42151,"minecraft:jump":6004,"minecraft:interact_with_blast_furnace":2,"minecraft:walk_on_water_one_cm":104993,"minecraft:interact_with_furnace":32,"tombstone:raider_killed":1,"minecraft:play_one_minute":422204,"minecraft:interact_with_stonecutter":7,"minecraft:sleep_in_bed":11,"minecraft:time_since_rest":5142,"minecraft:waystone_activated":2,"minecraft:damage_taken":9375,"minecraft:trigger_trapped_chest":1,"minecraft:damage_dealt":17746,"minecraft:swim_one_cm":92996,"minecraft:fly_one_cm":1360471,"minecraft:open_chest":371,"minecraft:crouch_one_cm":12808,"tombstone:undead_killed":62,"minecraft:fall_one_cm":125228},"minecraft:used":{"treasure2:viking_chest":1,"minecraft:stone_sword":35,"minecraft:iron_shovel":616,"minecraft:chest":12,"minecraft:iron_sword":248,"minecraft:shield":34,"oresabovediamonds:amethyst_sword":1,"dragonmounts:aether_dragon_egg":1,"minecraft:rotten_flesh":1,"minecraft:oak_door":5,"minecraft:orange_bed":3,"minecraft:torch":76,"minecraft:brewing_stand":1,"minecraft:dirt":326,"minecraft:nether_bricks":3,"minecraft:lava_bucket":7,"minecraft:iron_axe":212,"minecraft:stone_brick_stairs":3,"minecraft:stone_bricks":112,"minecraft:bow":2,"minecraft:oak_sapling":2,"minecraft:furnace":3,"tombstone:gift":6,"minecraft:water_bucket":8,"minecraft:baked_potato":4,"minecraft:stone_pickaxe":88,"minecraft:oak_planks":542,"minecraft:wooden_pickaxe":3,"minecraft:sandstone":8,"minecraft:cut_sandstone":2,"minecraft:stonecutter":2,"minecraft:mossy_cobblestone":1,"minecraft:crafting_table":3,"minecraft:red_bed":2,"minecraft:crossbow":6,"minecraft:oak_log":282,"minecraft:bread":164,"minecraft:iron_pickaxe":462,"travelersbackpack:white_sleeping_bag":1,"spartanweaponry:halberd_iron":9,"tombstone:grave_key":1,"spartanshields:shield_tower_diamond":28,"minecraft:stone_axe":86,"minecraft:diamond_sword":135,"minecraft:cobblestone":32,"minecraft:potion":1,"minecraft:bucket":15,"minecraft:glass_pane":66,"alexsmobs:animal_dictionary":1,"minecraft:stripped_oak_log":3},"minecraft:dropped":{"minecraft:iron_ingot":13,"minecraft:bread":40,"minecraft:iron_sword":1,"minecraft:wheat_seeds":10,"minecraft:oak_log":1,"minecraft:granite":1,"minecraft:cracked_stone_bricks":1,"minecraft:acacia_log":11,"artifacts:lucky_scarf":1,"minecraft:torch":1,"minecraft:cut_sandstone":9,"minecraft:iron_leggings":1,"minecraft:bone_meal":2,"minecraft:iron_pickaxe":1,"minecraft:iron_shovel":2,"minecraft:string":5,"artifacts:digging_claws":1,"minecraft:bone":2,"spartanweaponry:halberd_iron":1,"minecraft:stone_sword":3,"minecraft:chicken":1,"minecraft:nether_bricks":22,"minecraft:azure_bluet":3,"minecraft:chainmail_chestplate":1,"minecraft:carrot":3,"treasure2:silver_coin":3,"minecraft:leather_chestplate":1,"minecraft:hay_block":1,"minecraft:tipped_arrow":3,"minecraft:shield":1,"minecraft:gunpowder":2,"minecraft:mossy_stone_bricks":3,"minecraft:leather_boots":2,"minecraft:acacia_sapling":4,"minecraft:oak_sapling":3,"minecraft:spider_eye":1,"minecraft:iron_ore":12,"minecraft:iron_bars":2,"minecraft:bow":1,"treasure2:ruby":1},"minecraft:crafted":{"minecraft:oak_door":3,"minecraft:oak_planks":480,"minecraft:coal":9,"oresabovediamonds:amethyst_sword":1,"minecraft:furnace":1,"minecraft:stone":84,"minecraft:glass_pane":128,"minecraft:glass":52,"travelersbackpack:white_sleeping_bag":1,"minecraft:iron_axe":1,"minecraft:stone_pickaxe":1,"minecraft:chest":6,"minecraft:stone_bricks":1168,"minecraft:wheat":234,"paraglider:paraglider":1,"minecraft:crafting_table":2,"minecraft:wooden_pickaxe":1,"minecraft:bucket":1,"minecraft:stone_axe":1,"minecraft:bread":81,"minecraft:air":0,"minecraft:stone_brick_stairs":6,"minecraft:stick":20,"minecraft:iron_ingot":146,"minecraft:stone_sword":1,"minecraft:iron_shovel":1,"oresabovediamonds:amethyst_pickaxe":1,"minecraft:acacia_planks":16,"minecraft:torch":12,"minecraft:lapis_lazuli":18},"minecraft:broken":{"minecraft:iron_shovel":1,"minecraft:golden_boots":1,"minecraft:chainmail_helmet":1,"minecraft:iron_axe":1,"minecraft:stone_axe":1},"minecraft:killed":{"minecraft:witch":1,"aquaculture:bluegill":5,"alexsmobs:tarantula_hawk":1,"alexsmobs:raccoon":1,"minecraft:spider":15,"minecraft:skeleton":15,"minecraft:silverfish":3,"aquaculture:brown_trout":1,"aquaculture:perch":3,"artifacts:mimic":1,"lava_monster:lava_monster":1,"minecraft:creeper":3,"minecraft:sheep":4,"aquaculture:minnow":2,"minecraft:zombie":43,"alexsmobs:crocodile":1,"minecraft:stray":4,"minecraft:cow":2}},"DataVersion":2586}