{"stats":{"minecraft:picked_up":{"minecraft:iron_chestplate":1,"minecraft:wheat":620,"minecraft:chainmail_boots":1,"minecraft:nether_brick_fence":1,"tombstone:tablet_of_home":1,"treasure2:iron_lock":1,"artifacts:bunny_hoppers":1,"minecraft:lead":8,"minecraft:stone_slab":2,"minecraft:diamond_sword":2,"treasure2:onyx_key":1,"minecraft:enchanted_book":3,"minecraft:potion":5,"minecraft:stone_brick_stairs":1,"minecraft:music_disc_cat":1,"alexsmobs:gazelle_horn":1,"minecraft:string":41,"minecraft:smooth_stone_slab":2,"minecraft:iron_leggings":1,"treasure2:gravestone3_polished_granite":1,"minecraft:armor_stand":1,"minecraft:netherite_ingot":4,"treasure2:stone_key":5,"minecraft:gold_nugget":11,"minecraft:red_dye":22,"minecraft:rose_bush":13,"minecraft:iron_pickaxe":3,"minecraft:smooth_quartz":3,"minecraft:melon_slice":30,"minecraft:iron_boots":3,"minecraft:furnace":6,"minecraft:golden_helmet":1,"minecraft:tipped_arrow":1,"minecraft:stick":75,"minecraft:acacia_fence":51,"minecraft:oak_fence":8,"minecraft:torch":112,"minecraft:acacia_log":448,"tombstone:grave_dust":41,"minecraft:diorite":2,"minecraft:golden_chestplate":2,"minecraft:orange_bed":2,"minecraft:quartz_block":15,"minecraft:stone_sword":1,"minecraft:rotten_flesh":168,"atum:emmer_seeds":5,"treasure2:topaz_charm":1,"travelersbackpack:gray_sleeping_bag":1,"treasure2:iron_key":1,"minecraft:obsidian":2,"minecraft:iron_bars":46,"minecraft:cobblestone":880,"minecraft:birch_log":20,"minecraft:leather_chestplate":1,"minecraft:feather":9,"minecraft:cooked_beef":20,"minecraft:iron_door":4,"minecraft:andesite":10,"minecraft:potato":1,"paraglider:spirit_orb":118,"minecraft:lapis_lazuli":26,"minecraft:map":1,"minecraft:dirt":4546,"minecraft:glass":9,"minecraft:bone":317,"minecraft:acacia_planks":513,"minecraft:stonecutter":1,"minecraft:bow":2,"minecraft:wheat_seeds":1503,"treasure2:copper_charm":2,"minecraft:grindstone":2,"minecraft:mossy_stone_bricks":14,"minecraft:glowstone_dust":2,"minecraft:stone_hoe":1,"minecraft:oak_planks":20,"minecraft:mossy_stone_brick_stairs":6,"minecraft:cooked_porkchop":4,"aquaculture:worm":12,"treasure2:wood_key":1,"minecraft:sand":102,"minecraft:melon":3,"minecraft:ink_sac":9,"minecraft:fermented_spider_eye":2,"minecraft:grass_block":4,"minecraft:acacia_stairs":48,"minecraft:chiseled_sandstone":9,"alexsmobs:animal_dictionary":1,"minecraft:mossy_cobblestone":9,"travelersbackpack:white_sleeping_bag":1,"treasure2:thiefs_lock_pick":2,"minecraft:iron_hoe":1,"minecraft:polished_andesite":4,"minecraft:sugar":1,"minecraft:diamond":8,"treasure2:crate_chest_moldy":5,"alexsmobs:rattlesnake_rattle":1,"treasure2:cardboard_box":3,"minecraft:granite":12,"treasure2:sapphire":1,"minecraft:bone_meal":115,"minecraft:golden_apple":1,"minecraft:bread":19,"minecraft:chainmail_helmet":1,"minecraft:emerald":36,"alexsmobs:maggot":10,"minecraft:oak_sapling":65,"minecraft:netherrack":1,"minecraft:crafting_table":6,"minecraft:bee_nest":1,"treasure2:leaf_lock":1,"minecraft:leather_leggings":1,"minecraft:brown_mushroom":4,"alexsmobs:roadrunner_feather":2,"treasure2:treasure_tool":1,"minecraft:gold_block":3,"minecraft:diamond_horse_armor":1,"minecraft:shield":3,"minecraft:heavy_weighted_pressure_plate":3,"minecraft:cornflower":9,"minecraft:acacia_door":2,"minecraft:iron_shovel":1,"minecraft:cracked_stone_bricks":1,"minecraft:beef":68,"minecraft:player_head":1,"minecraft:poppy":1,"travelersbackpack:black_sleeping_bag":1,"treasure2:onyx_charm":1,"minecraft:sugar_cane":499,"minecraft:chest":8,"minecraft:birch_sapling":2,"minecraft:phantom_membrane":6,"minecraft:diamond_hoe":1,"minecraft:egg":1,"treasure2:peasants_fortune":1,"minecraft:sandstone":16,"dragonmounts:aether_dragon_egg":1,"minecraft:orange_dye":3,"minecraft:cookie":1,"minecraft:carrot":968,"minecraft:redstone":41,"minecraft:stone_pressure_plate":4,"artifacts:everlasting_beef":1,"minecraft:arrow":51,"minecraft:peony":1,"minecraft:nether_bricks":7,"minecraft:gold_ingot":9,"minecraft:saddle":1,"tombstone:essence_of_undeath":1,"treasure2:gold_charm":3,"minecraft:white_wool":30,"minecraft:oxeye_daisy":79,"artifacts:eternal_steak":4,"elevatorid:elevator_orange":2,"minecraft:leather":65,"minecraft:cut_sandstone":10,"minecraft:yellow_dye":2,"alexsmobs:acacia_blossom":9,"minecraft:red_mushroom":6,"minecraft:birch_planks":21,"minecraft:oak_log":347,"minecraft:chainmail_chestplate":1,"minecraft:golden_boots":3,"minecraft:nether_wart_block":2,"minecraft:gunpowder":14,"tombstone:voodoo_poppet":1,"minecraft:paper":61,"minecraft:white_banner":3,"minecraft:apple":10,"minecraft:stone_bricks":327,"alexsmobs:cockroach_wing_fragment":1,"minecraft:iron_ingot":280,"minecraft:cobweb":1,"treasure2:spider_key":1,"minecraft:iron_ore":285,"tombstone:bag_of_seeds":1,"aquaculture:minnow":2,"minecraft:glass_bottle":2,"minecraft:acacia_sapling":62,"minecraft:iron_sword":1,"minecraft:book":24,"minecraft:oak_slab":5,"minecraft:dandelion":2,"mowziesmobs:barakoa_mask_bliss":1,"treasure2:leaf_key":1,"minecraft:gold_ore":16,"minecraft:spider_eye":37,"minecraft:leather_helmet":8,"minecraft:pumpkin_seeds":8,"treasure2:silver_coin":1,"minecraft:stone_axe":2,"minecraft:chainmail_leggings":1,"minecraft:diamond_axe":2,"minecraft:mossy_cobblestone_stairs":3,"tombstone:magic_scroll":1,"minecraft:acacia_slab":42,"minecraft:coal":922,"minecraft:ender_pearl":2},"minecraft:used":{"minecraft:iron_shovel":2037,"minecraft:melon":3,"elevatorid:elevator_gray":2,"minecraft:chest":13,"minecraft:shield":54,"minecraft:stone":2,"minecraft:iron_sword":926,"minecraft:player_head":2,"minecraft:blue_stained_glass":40,"minecraft:carrot":122,"minecraft:acacia_sapling":46,"minecraft:lava_bucket":13,"minecraft:stone_brick_stairs":9,"minecraft:stone_bricks":954,"minecraft:bow":43,"minecraft:oak_sapling":35,"minecraft:furnace":10,"minecraft:acacia_fence":118,"minecraft:egg":1,"minecraft:potato":1,"minecraft:stone_pickaxe":135,"minecraft:wooden_pickaxe":16,"artifacts:eternal_steak":43,"minecraft:sandstone":15,"minecraft:composter":1,"minecraft:sugar_cane":14,"minecraft:cookie":1,"minecraft:sand":27,"minecraft:melon_slice":30,"minecraft:acacia_door":2,"minecraft:bread":41,"minecraft:chiseled_sandstone":1,"aquaculture:worm_farm":1,"tombstone:grave_key":1,"globalxp:xp_block":1,"minecraft:grindstone":2,"minecraft:bone_meal":21,"minecraft:oak_fence":83,"minecraft:rose_bush":1,"minecraft:stone_sword":53,"minecraft:acacia_log":157,"minecraft:armor_stand":2,"minecraft:stone_shovel":509,"treasure2:jeweler_bench":1,"tombstone:grave_plate":1,"travelersbackpack:black_sleeping_bag":1,"minecraft:stone_hoe":151,"minecraft:orange_bed":2,"minecraft:torch":407,"minecraft:dirt":1226,"alexsmobs:maraca":11,"minecraft:anvil":1,"travelersbackpack:gray_sleeping_bag":1,"elevatorid:elevator_orange":2,"minecraft:granite":4,"minecraft:oak_fence_gate":1,"minecraft:iron_hoe":94,"minecraft:wooden_axe":7,"tombstone:ankh_of_pray":2,"minecraft:iron_axe":1072,"minecraft:acacia_slab":66,"artifacts:everlasting_beef":2,"tombstone:gift":8,"minecraft:cooked_beef":8,"minecraft:acacia_planks":1408,"tombstone:decorative_grave_original":1,"minecraft:wheat_seeds":256,"minecraft:water_bucket":15,"minecraft:lead":1,"minecraft:cut_sandstone":9,"minecraft:stonecutter":2,"treasure2:crate_chest_moldy":5,"treasure2:cardboard_box":3,"minecraft:crafting_table":7,"tombstone:bag_of_seeds":2,"minecraft:oak_log":177,"minecraft:oxeye_daisy":1,"minecraft:diamond_pickaxe":2,"minecraft:acacia_stairs":137,"minecraft:cornflower":1,"minecraft:apple":2,"minecraft:iron_pickaxe":2221,"travelersbackpack:white_sleeping_bag":1,"atum:emmer_seeds":1,"minecraft:stone_axe":65,"minecraft:potion":7,"minecraft:cobblestone":70,"travelersbackpack:standard":11,"minecraft:white_banner":3,"minecraft:cooked_porkchop":4,"minecraft:bucket":32,"alexsmobs:animal_dictionary":1},"minecraft:dropped":{"minecraft:iron_sword":2,"minecraft:brown_mushroom":2,"minecraft:birch_planks":2,"minecraft:cooked_beef":71,"minecraft:glass_bottle":6,"minecraft:crafting_table":2,"minecraft:leather":2,"aquaculture:minnow":2,"minecraft:mossy_stone_brick_stairs":1,"minecraft:cracked_stone_bricks":1,"minecraft:leather_helmet":7,"minecraft:red_mushroom":3,"minecraft:emerald":18,"minecraft:dirt":13,"alexsmobs:roadrunner_feather":2,"minecraft:stone_button":8,"minecraft:cut_sandstone":11,"minecraft:wooden_sword":1,"minecraft:gold_nugget":11,"minecraft:bone_meal":30,"minecraft:phantom_membrane":3,"treasure2:gold_charm":1,"minecraft:sand":6,"minecraft:glistering_melon_slice":1,"minecraft:iron_pickaxe":2,"minecraft:acacia_door":3,"minecraft:fermented_spider_eye":1,"minecraft:white_wool":1,"minecraft:blue_bed":1,"minecraft:gold_ingot":7,"minecraft:bone":97,"minecraft:stone_axe":5,"minecraft:sugar_cane":64,"alexsmobs:gazelle_horn":1,"minecraft:golden_chestplate":2,"minecraft:wheat":64,"minecraft:birch_sapling":2,"treasure2:gold_coin":2,"minecraft:rotten_flesh":60,"treasure2:leaf_lock":1,"minecraft:nether_brick_fence":1,"minecraft:acacia_stairs":3,"minecraft:carrot":256,"treasure2:silver_coin":3,"minecraft:chainmail_chestplate":1,"minecraft:poppy":1,"minecraft:rabbit_hide":1,"minecraft:leather_chestplate":2,"minecraft:tipped_arrow":1,"minecraft:gunpowder":1,"minecraft:heavy_weighted_pressure_plate":1,"treasure2:copper_coin":7,"minecraft:acacia_sapling":12,"minecraft:chainmail_boots":3,"minecraft:leather_leggings":2,"minecraft:iron_ore":2,"minecraft:iron_bars":30,"minecraft:arrow":4,"minecraft:netherrack":1,"minecraft:egg":1,"minecraft:enchanted_book":1,"minecraft:golden_boots":4,"minecraft:stone_hoe":2,"minecraft:iron_ingot":187,"minecraft:bread":52,"minecraft:oak_slab":10,"minecraft:wheat_seeds":66,"minecraft:mossy_cobblestone":2,"treasure2:copper_charm":2,"minecraft:feather":3,"minecraft:cobblestone":23,"minecraft:lead":2,"treasure2:gravestone3_polished_granite":1,"minecraft:apple":4,"minecraft:granite":8,"treasure2:stone_key":2,"minecraft:acacia_log":7,"minecraft:grass_block":1,"minecraft:coal":129,"alexsmobs:maraca":1,"minecraft:polished_andesite":4,"minecraft:oxeye_daisy":75,"minecraft:diorite":2,"minecraft:wooden_hoe":1,"minecraft:wooden_axe":2,"minecraft:nether_wart_block":2,"minecraft:rabbit":2,"minecraft:smooth_quartz":2,"minecraft:iron_door":4,"minecraft:map":1,"minecraft:potion":3,"minecraft:iron_leggings":1,"treasure2:iron_lock":2,"minecraft:mossy_cobblestone_stairs":1,"minecraft:iron_shovel":2,"minecraft:chainmail_leggings":1,"minecraft:paper":31,"minecraft:string":2,"artifacts:bunny_hoppers":1,"minecraft:chiseled_sandstone":8,"minecraft:redstone":37,"alexsmobs:maggot":4,"alexsmobs:acacia_blossom":8,"minecraft:stone_sword":3,"minecraft:smooth_stone_slab":3,"minecraft:iron_hoe":1,"minecraft:iron_boots":4,"minecraft:stone_slab":4,"minecraft:nether_bricks":7,"minecraft:shears":1,"minecraft:pumpkin_seeds":1,"minecraft:diamond_sword":3,"minecraft:stone":9,"minecraft:shield":5,"alexsmobs:cockroach_wing_fragment":1,"minecraft:peony":1,"minecraft:iron_chestplate":2,"minecraft:andesite":10,"minecraft:mossy_stone_bricks":13,"minecraft:oak_sapling":16,"artifacts:eternal_steak":2,"minecraft:stone_pressure_plate":4,"minecraft:stone_bricks":3,"minecraft:spider_eye":1,"minecraft:sandstone":1,"minecraft:bow":2,"minecraft:stone_pickaxe":2,"minecraft:wooden_pickaxe":1},"minecraft:mined":{"treasure2:crate_chest_moldy":5,"minecraft:oak_sapling":1,"treasure2:gravestone3_smooth_quartz":1,"minecraft:granite":12,"minecraft:acacia_log":59,"minecraft:grass_block":1770,"minecraft:frosted_ice":5,"minecraft:oxeye_daisy":23,"minecraft:spawner":62,"treasure2:gravestone3_spawner_obsidian":1,"minecraft:tall_seagrass":1,"minecraft:mossy_cobblestone_stairs":2,"minecraft:iron_ore":291,"minecraft:iron_bars":32,"travelersbackpack:black_sleeping_bag":1,"minecraft:orange_bed":2,"travelersbackpack:gray_sleeping_bag":1,"treasure2:gravestone3_polished_granite":1,"minecraft:cut_sandstone":13,"minecraft:brown_mushroom":2,"minecraft:quartz_block":16,"minecraft:player_wall_head":1,"minecraft:blue_stained_glass":2,"minecraft:torch":50,"minecraft:poppy":1,"minecraft:melon":6,"minecraft:chest":46,"treasure2:gravestone1_polished_andesite":1,"minecraft:cobblestone":3,"treasure2:gravestone1_polished_diorite":1,"minecraft:oak_planks":3,"minecraft:grindstone":2,"minecraft:sugar_cane":150,"elevatorid:elevator_orange":2,"minecraft:wall_torch":11,"minecraft:acacia_sapling":4,"minecraft:nether_wart_block":4,"minecraft:birch_log":18,"minecraft:wheat":141,"minecraft:stone_brick_stairs":1,"minecraft:grass":1062,"minecraft:oak_log":130,"minecraft:acacia_fence":51,"minecraft:sand":104,"minecraft:dirt":736,"minecraft:stonecutter":1,"minecraft:netherrack":3,"minecraft:oak_leaves":128,"minecraft:diamond_ore":8,"minecraft:mossy_cobblestone":9,"minecraft:nether_bricks":8,"travelersbackpack:white_sleeping_bag":1,"minecraft:acacia_slab":42,"minecraft:sandstone":17,"minecraft:redstone_ore":9,"minecraft:furnace":6,"minecraft:carrots":30,"minecraft:chiseled_sandstone":10,"minecraft:andesite":9,"minecraft:acacia_stairs":49,"minecraft:peony":1,"minecraft:gold_block":1,"minecraft:nether_brick_fence":1,"minecraft:mossy_stone_brick_stairs":2,"minecraft:bookshelf":8,"minecraft:vine":14,"treasure2:gravestone3_cobblestone":1,"minecraft:stone":901,"minecraft:acacia_leaves":12,"minecraft:dandelion":1,"minecraft:oak_fence":8,"minecraft:crafting_table":6,"minecraft:cornflower":11,"treasure2:gravestone1_spawner_stone":1,"minecraft:rose_bush":1,"minecraft:tall_grass":143,"minecraft:lapis_ore":2,"minecraft:diorite":3,"treasure2:cardboard_box":3,"minecraft:birch_leaves":4,"treasure2:gravestone2_polished_andesite":2,"minecraft:bee_nest":1,"treasure2:sapphire_ore":1,"minecraft:coal_ore":525,"minecraft:gravel":1,"minecraft:cracked_stone_bricks":1,"minecraft:acacia_planks":519,"minecraft:stone_bricks":326,"minecraft:mossy_stone_bricks":8,"minecraft:gold_ore":16},"minecraft:crafted":{"minecraft:black_dye":2,"minecraft:smooth_stone":1,"minecraft:oak_planks":332,"globalxp:xp_block":1,"minecraft:stone":696,"minecraft:bookshelf":22,"minecraft:heavy_weighted_pressure_plate":1,"minecraft:iron_bars":16,"minecraft:glass":69,"minecraft:iron_boots":1,"minecraft:chest":6,"minecraft:acacia_fence":48,"minecraft:stone_hoe":2,"minecraft:stone_bricks":45,"minecraft:oak_fence":81,"treasure2:thiefs_lock_pick":3,"minecraft:blue_stained_glass":40,"tombstone:decorative_grave_original":1,"elevatorid:elevator_orange":1,"treasure2:treasure_tool":1,"minecraft:oak_slab":12,"minecraft:emerald":5,"aquaculture:worm_farm":1,"minecraft:crafting_table":4,"minecraft:acacia_slab":30,"minecraft:wooden_pickaxe":1,"travelersbackpack:standard":1,"minecraft:iron_helmet":2,"minecraft:gold_block":2,"minecraft:birch_planks":80,"minecraft:stone_brick_stairs":11,"minecraft:iron_chestplate":1,"minecraft:book":28,"minecraft:wooden_hoe":1,"minecraft:paper":114,"minecraft:yellow_dye":2,"minecraft:shield":1,"minecraft:stick":176,"minecraft:stone_slab":2,"minecraft:iron_pickaxe":11,"minecraft:iron_ingot":313,"minecraft:iron_block":3,"minecraft:stone_sword":2,"minecraft:acacia_door":3,"minecraft:gold_ingot":33,"minecraft:composter":1,"minecraft:shears":2,"artifacts:eternal_steak":1,"minecraft:wooden_sword":1,"minecraft:stone_shovel":4,"tombstone:strange_tablet":1,"minecraft:furnace":4,"minecraft:stone_button":8,"minecraft:gray_dye":2,"elevatorid:elevator_gray":2,"travelersbackpack:white_sleeping_bag":2,"minecraft:iron_axe":7,"minecraft:iron_hoe":1,"minecraft:stone_pickaxe":3,"tombstone:tablet_of_home":1,"minecraft:cooked_beef":52,"paraglider:paraglider":1,"minecraft:red_dye":24,"elevatorid:elevator_white":2,"travelersbackpack:backpack_tank":2,"minecraft:iron_sword":3,"treasure2:jeweler_bench":1,"minecraft:blue_bed":1,"tombstone:ankh_of_pray":1,"travelersbackpack:black_sleeping_bag":1,"minecraft:bucket":2,"minecraft:acacia_stairs":44,"minecraft:stone_axe":2,"minecraft:orange_dye":4,"minecraft:bread":45,"minecraft:air":0,"minecraft:blue_dye":8,"minecraft:oak_fence_gate":1,"alexsmobs:maraca":1,"minecraft:white_wool":4,"minecraft:white_dye":1,"tombstone:grave_plate":1,"minecraft:wooden_axe":2,"tombstone:dark_marble":10,"minecraft:blue_wool":3,"minecraft:iron_shovel":9,"minecraft:iron_leggings":1,"minecraft:anvil":1,"minecraft:stonecutter":1,"minecraft:armor_stand":1,"minecraft:acacia_planks":984,"minecraft:torch":292},"minecraft:killed_by":{"minecraft:wither_skeleton":2,"minecraft:creeper":1,"minecraft:zombie":7,"minecraft:skeleton":3},"minecraft:custom":{"minecraft:animals_bred":50,"minecraft:interact_with_crafting_table":67,"goblintraders:trade_with_goblin":39,"minecraft:eat_cake_slice":1,"minecraft:leave_game":23,"minecraft:time_since_death":194502,"minecraft:damage_resisted":178,"minecraft:sprint_one_cm":1446162,"minecraft:damage_blocked_by_shield":2315,"minecraft:drop":310,"minecraft:deaths":13,"minecraft:jump":6646,"minecraft:walk_on_water_one_cm":93479,"minecraft:interact_with_furnace":230,"minecraft:interact_with_cartography_table":3,"minecraft:play_one_minute":981161,"minecraft:sleep_in_bed":22,"minecraft:waystone_activated":1,"minecraft:damage_dealt":43801,"minecraft:crouch_one_cm":186206,"tombstone:undead_killed":129,"minecraft:interact_with_anvil":5,"minecraft:mob_kills":266,"minecraft:climb_one_cm":10008,"minecraft:walk_one_cm":3568286,"minecraft:sneak_time":50540,"minecraft:walk_under_water_one_cm":22524,"minecraft:interact_with_blast_furnace":1,"tombstone:raider_killed":16,"minecraft:interact_with_stonecutter":28,"minecraft:interact_with_grindstone":1,"tombstone:pray_on_grave":1,"minecraft:time_since_rest":64470,"minecraft:damage_taken":8539,"minecraft:damage_absorbed":7,"minecraft:trigger_trapped_chest":6,"minecraft:swim_one_cm":26251,"minecraft:fly_one_cm":2142729,"minecraft:open_chest":462,"minecraft:fall_one_cm":324305},"minecraft:killed":{"mowziesmobs:barakoan_barakoana":1,"minecraft:cave_spider":8,"minecraft:witch":2,"minecraft:spider":28,"dungeonsmod:anthermite":1,"minecraft:skeleton":40,"minecraft:silverfish":4,"alexsmobs:grizzly_bear":1,"minecraft:creeper":11,"minecraft:pillager":10,"aquaculture:minnow":2,"minecraft:zombie":70,"minecraft:stray":3,"alexsmobs:roadrunner":1,"alexsmobs:fly":1,"minecraft:cow":36,"dungeonsmod:rogue":1,"alexsmobs:seagull":1,"minecraft:phantom":4,"treasure2:bound_soul":1,"minecraft:bat":1,"minecraft:squid":1,"alexsmobs:cockroach":2,"mowziesmobs:barakoana":1,"alexsmobs:gazelle":1,"alexsmobs:crow":2,"minecraft:wither_skeleton":12,"minecraft:enderman":1},"minecraft:broken":{"minecraft:iron_shovel":7,"minecraft:stone_pickaxe":1,"minecraft:stone_shovel":3,"minecraft:leather_helmet":2,"minecraft:stone_hoe":1,"minecraft:iron_axe":6,"minecraft:iron_pickaxe":8}},"DataVersion":2586}